direction,opcode,size,entry_addr,handler_addr,handler_name,handler_source,name,name_src
SERVER,0,2,0x01471720,0x000ee500,jag::PacketHandlers::UpdateRunweight,BINDER,UPDATE_RUNWEIGHT,KNOWN
SERVER,1,2,0x014729a0,0x0013ac10,jag::PacketHandlers::LocDel,BINDER,LOC_DEL,KNOWN
SERVER,2,10,0x01456300,0x00188b00,jag::PacketHandlers::SetInteractionTarget,BINDER,UNKNOWN_2,KNOWN
SERVER,3,-2,0x014562c0,0x001a5310,jag::PacketHandlers::UpdateFriendlist,BINDER,UPDATE_FRIENDLIST,KNOWN
SERVER,4,6,0x01471ba0,0x000ed200,jag::game::StatTable::UpdateStat,BINDER,UPDATE_STAT,KNOWN
SERVER,5,35,0x01456280,0x00176970,jag::PacketHandlers::UpdateStockmarketSlot,BINDER,UPDATE_STOCKMARKET_SLOT,KNOWN
SERVER,6,3,0x01471e60,0x00117110,jag::PacketHandlers::ClientSetvarcSmall,BINDER,CLIENT_SETVARC_SMALL,KNOWN
SERVER,7,8,0x014710a0,0x00197680,FUN_00197680,BINDER,UNKNOWN_7,KNOWN
SERVER,8,-2,0x01456240,0x001ab890,jag::PacketHandlers::UpdateInvFull,BINDER,UPDATE_INV_FULL,KNOWN
SERVER,9,-1,0x01456200,0x00148dc0,FUN_00148dc0,BINDER,UNKNOWN_9,KNOWN
SERVER,10,3,0x014561c0,0x00176cd0,jag::PacketHandlers::UpdateInvStopTransmit,BINDER,UNKNOWN_10,KNOWN
SERVER,11,-2,0x01456180,0x000f75d0,FUN_000f75d0,BINDER,UNKNOWN_11,KNOWN
SERVER,12,4,0x014725a0,0x001583b0,jag::PacketHandlers::ObjDelBig,BINDER,UNKNOWN_12,KNOWN
SERVER,13,-1,0x01456140,0x000ed1c0,jag::PacketHandlers::ServerReply,BINDER,SERVER_REPLY,KNOWN
SERVER,14,3,0x01472620,0x001587e0,jag::PacketHandlers::ObjDel,BINDER,OBJ_DEL,KNOWN
SERVER,15,10,0x01456100,0x000eff00,FUN_000eff00,BINDER,UNKNOWN_15,KNOWN
SERVER,16,5,0x014560c0,0x0011eb70,FUN_0011eb70,BINDER,UNKNOWN_16,KNOWN
SERVER,17,8,0x01470ee0,0x00187c40,jag::PacketHandlers::IfSetnpchead,BINDER,IF_SETNPCHEAD,KNOWN
SERVER,18,0,0x01456080,0x00177b50,jag::PacketHandlers::FriendlistLoaded,BINDER,FRIENDLIST_LOADED,KNOWN
SERVER,19,-1,0x01456040,0x0017c440,jag::PacketHandlers::DebugServerTriggers,BINDER,DEBUG_SERVER_TRIGGERS,KNOWN
SERVER,20,0,0x01471fe0,0x001175e0,jag::PacketHandlers::ResetClientVarcache,BINDER,RESET_CLIENT_VARCACHE,KNOWN
SERVER,21,-1,0x01456000,0x001440a0,jag::PacketHandlers::MessageGame,BINDER,MESSAGE_GAME,KNOWN
SERVER,22,3,0x01471ee0,0x001173f0,jag::PacketHandlers::VarbitSmall,BINDER,VARBIT_SMALL,KNOWN
SERVER,23,-1,0x01472a20,0x0013d6a0,thunk_FUN_0013b7a0,BINDER,UNKNOWN_23,KNOWN
SERVER,24,4,0x01470ea0,0x00187bf0,jag::PacketHandlers::IfSetplayerhead,BINDER,IF_SETPLAYERHEAD,KNOWN
SERVER,25,23,0x014713a0,0x0018ad90,jag::PacketHandlers::IfOpensub,BINDER,IF_OPENSUB,KNOWN
SERVER,26,-1,0x01455fc0,0x0014a7b0,jag::PacketHandlers::MessageFriendchannel,BINDER,MESSAGE_FRIENDCHANNEL,KNOWN
SERVER,27,1,0x01455f80,0x00171df0,jag::PacketHandlers::Cam2Enable,BINDER,CAM2_ENABLE,KNOWN
SERVER,28,3,0x01472b20,0x000f9df0,jag::PacketHandlers::UpdateZoneFullFollows,BINDER,UPDATE_ZONE_FULL_FOLLOWS,KNOWN
SERVER,29,-2,0x01455f40,0x00188880,jag::PacketHandlers::HintTrail,BINDER,HINT_TRAIL,KNOWN
SERVER,30,8,0x01470ca0,0x00197560,FUN_00197560,BINDER,UNKNOWN_30,KNOWN
SERVER,31,10,0x01455f00,0x000efda0,FUN_000efda0,BINDER,UNKNOWN_31,KNOWN
SERVER,32,-1,0x01455ec0,0x001494c0,jag::PacketHandlers::MessageQuickchatFriendchat,BINDER,MESSAGE_QUICKCHAT_FRIENDCHAT,KNOWN
SERVER,33,-1,0x01455e80,0x000efa20,jag::packethandlers::Chat::MESSAGE_FRIENDCHANNEL,BINDER,UNKNOWN_33,KNOWN
SERVER,34,-2,0x01471120,0x00187ea0,jag::PacketHandlers::IfSettext,BINDER,IF_SETTEXT,KNOWN
SERVER,35,19,0x01455e40,0x000f2320,jag::PacketHandlers::NpcAnimSpecific,BINDER,NPC_ANIM_SPECIFIC,KNOWN
SERVER,36,10,0x01470da0,0x00187980,jag::PacketHandlers::IfSetobject,BINDER,UNKNOWN_36,KNOWN
SERVER,37,5,0x01455e00,0x0011ed00,FUN_0011ed00,BINDER,UNKNOWN_37,KNOWN
SERVER,38,-1,0x01455dc0,0x000ef8a0,jag::PacketHandlers::MessageQuickchatPrivateEcho,BINDER,MESSAGE_QUICKCHAT_PRIVATE_ECHO,KNOWN
SERVER,39,28,0x014716e0,0x001348f0,jag::PacketHandlers::UpdateUid192,BINDER,UPDATE_UID192,KNOWN
SERVER,40,6,0x01471e20,0x00117050,jag::PacketHandlers::ClientSetvarcLarge,BINDER,CLIENT_SETVARC_LARGE,KNOWN
SERVER,41,5,0x01472720,0x00116e30,jag::PacketHandlers::ObjAdd,BINDER,OBJ_ADD,KNOWN
SERVER,42,6,0x01455d80,0x000efa30,jag::PacketHandlers::CamLookat,BINDER,UNKNOWN_42,KNOWN
SERVER,43,-2,0x01455d40,0x001863e0,jag::PacketHandlers::UpdateInvPartial,BINDER,UPDATE_INV_PARTIAL,KNOWN
SERVER,44,-2,0x01455d00,0x00121810,jag::PacketHandlers::ClanchannelDelta,BINDER,CLANCHANNEL_DELTA,KNOWN
SERVER,45,-2,0x01471820,0x00169f80,jag::PacketHandlers::PlayerInfo,BINDER,PLAYER_INFO,KNOWN
SERVER,46,0,0x01455cc0,0x00144ee0,jag::PacketHandlers::ResetAnims,BINDER,RESET_ANIMS,KNOWN
SERVER,47,7,0x01472920,0x00139cf0,jag::PacketHandlers::LocAddChange,BINDER,LOC_ADD_CHANGE,KNOWN
SERVER,48,25,0x01471360,0x001886b0,FUN_001886b0,BINDER,UNKNOWN_48,KNOWN
SERVER,49,-2,0x01455c80,0x00143ec0,jag::PacketHandlers::MessagePrivateEcho,BINDER,MESSAGE_PRIVATE_ECHO,KNOWN
SERVER,50,6,0x01471d60,0x001171d0,jag::PacketHandlers::ClientSetvarcbitLarge,BINDER,CLIENT_SETVARCBIT_LARGE,KNOWN
SERVER,51,6,0x01471ea0,0x00117330,jag::PacketHandlers::VarbitLarge,BINDER,VARBIT_LARGE,KNOWN
SERVER,52,8,0x01471060,0x00187720,FUN_00187720,BINDER,UNKNOWN_52,KNOWN
SERVER,53,-1,0x01455c40,0x00134450,jag::PacketHandlers::MessageClanchannelSystem,BINDER,MESSAGE_CLANCHANNEL_SYSTEM,KNOWN
SERVER,54,3,0x01471da0,0x00117290,jag::PacketHandlers::ClientSetvarcbitSmall,BINDER,CLIENT_SETVARCBIT_SMALL,KNOWN
SERVER,55,6,0x01455c00,0x000ea6e0,jag::PacketHandlers::CamShake,BINDER,UNKNOWN_55,KNOWN
SERVER,56,-1,0x01471d20,0x001571a0,jag::PacketHandlers::ClientSetvarcstrSmall,BINDER,CLIENT_SETVARCSTR_SMALL,KNOWN
SERVER,57,10,0x01455bc0,0x001547a0,FUN_001547a0,BINDER,UNKNOWN_57,KNOWN
SERVER,58,1,0x01455b80,0x000ef310,jag::PacketHandlers::Logout,BINDER,LOGOUT,KNOWN
SERVER,59,-1,0x01455b40,0x00149ab0,jag::PacketHandlers::MessageQuickchatPrivate,BINDER,MESSAGE_QUICKCHAT_PRIVATE,KNOWN
SERVER,60,29,0x014712a0,0x001e14e0,jag::PacketHandlers::IfOpensubActiveObj,BINDER,IF_OPENSUB_ACTIVE_OBJ,KNOWN
SERVER,61,-1,0x014717e0,0x00141810,jag::PacketHandlers::SetPlayerOp,BINDER,SET_PLAYER_OP,KNOWN
SERVER,62,-1,0x01472aa0,0x0013ac20,FUN_0013ac20,BINDER,UNKNOWN_62,KNOWN
SERVER,63,-2,0x01455b00,0x0019aa00,jag::PacketHandlers::UpdateFriendchatChannelFull,BINDER,UPDATE_FRIENDCHAT_CHANNEL_FULL,KNOWN
SERVER,64,-2,0x01455ac0,0x001e1bd0,jag::PacketHandlers::RebuildNormal,BINDER,REBUILD_NORMAL,KNOWN
SERVER,65,1,0x01455a80,0x001765c0,jag::PacketHandlers::MinimapToggle,BINDER,MINIMAP_TOGGLE,KNOWN
SERVER,66,-2,0x01455a40,0x00198790,jag::PacketHandlers::UpdateIgnorelist,BINDER,UPDATE_IGNORELIST,KNOWN
SERVER,67,12,0x01455a00,0x0016b2d0,jag::PacketHandlers::SpotanimSpecific,BINDER,SPOTANIM_SPECIFIC,KNOWN
SERVER,68,2,0x014559c0,0x000ea580,FUN_000ea580,BINDER,UNKNOWN_68,KNOWN
SERVER,69,25,0x01455980,0x000f1210,FUN_000f1210,BINDER,UNKNOWN_69,KNOWN
SERVER,70,10,0x01470e60,0x00187b40,FUN_00187b40,BINDER,UNKNOWN_70,KNOWN
SERVER,71,25,0x01471320,0x001884e0,FUN_001884e0,BINDER,UNKNOWN_71,KNOWN
SERVER,72,-1,0x01455940,0x001a27a0,jag::PacketHandlers::UpdateFriendchatChannelSingleuser,BINDER,UPDATE_FRIENDCHAT_CHANNEL_SINGLEUSER,KNOWN
SERVER,73,19,0x014713e0,0x00187630,jag::PacketHandlers::IfOpentop,BINDER,IF_OPENTOP,KNOWN
SERVER,74,1,0x01455900,0x00177af0,jag::PacketHandlers::ChatFilterSettingsPrivatechat,BINDER,CHAT_FILTER_SETTINGS_PRIVATECHAT,KNOWN
SERVER,75,-2,0x014558c0,0x0014ae30,jag::PacketHandlers::MessagePrivate,BINDER,MESSAGE_PRIVATE,KNOWN
SERVER,76,-2,0x01455880,,UNBOUND,UNBOUND,UNKNOWN_76,KNOWN
SERVER,77,4,0x01471860,0x0011e770,jag::PacketHandlers::LastLoginInfo,BINDER,LAST_LOGIN_INFO,KNOWN
SERVER,78,6,0x01471f60,0x00117490,jag::PacketHandlers::VarpLarge,BINDER,VARP_LARGE,KNOWN
SERVER,79,4,0x01455840,0x000efbe0,jag::PacketHandlers::CamForceangle,BINDER,UNKNOWN_79,KNOWN
SERVER,80,-1,0x01471be0,0x001221d0,jag::PacketHandlers::Varclan,BINDER,VARCLAN,KNOWN
SERVER,81,36,0x01455800,,UNBOUND,UNBOUND,UNKNOWN_81,KNOWN
SERVER,82,-2,0x014557c0,0x001dc8a0,jag::packethandlers::ClientState::RUNCLIENTSCRIPT_impl,BINDER,RUNCLIENTSCRIPT,KNOWN
SERVER,83,14,0x01455780,0x00185f90,jag::PacketHandlers::HintArrow,BINDER,HINT_ARROW,KNOWN
SERVER,84,-1,0x01455740,0x0014a0c0,jag::PacketHandlers::MessageClanchannel,BINDER,MESSAGE_CLANCHANNEL,KNOWN
SERVER,85,-2,0x01455700,0x0011c690,jag::PacketHandlers::ClanchannelFull,BINDER,CLANCHANNEL_FULL,KNOWN
SERVER,86,-2,0x014556c0,0x001213d0,jag::PacketHandlers::ClansettingsDelta,BINDER,CLANSETTINGS_DELTA,KNOWN
SERVER,87,0,0x01470b20,0x001875f0,jag::PacketHandlers::TriggerOndialogabort,BINDER,TRIGGER_ONDIALOGABORT,KNOWN
SERVER,88,8,0x014711e0,0x001880f0,FUN_001880f0,BINDER,UNKNOWN_88,KNOWN
SERVER,89,4,0x01455680,0x001544c0,jag::PacketHandlers::CamRemoveroof,BINDER,CAM_REMOVEROOF,KNOWN
SERVER,90,-2,0x01455640,0x001de9a0,jag::NPCList::ProcessNpcInfo,BINDER,NPC_INFO,KNOWN
SERVER,91,10,0x01471020,0x00187e20,FUN_00187e20,BINDER,UNKNOWN_91,KNOWN
SERVER,92,1,0x01471760,0x000ee590,jag::PacketHandlers::UpdateRunenergy,BINDER,UPDATE_RUNENERGY,KNOWN
SERVER,93,-2,0x01455600,0x001e59a0,jag::PacketHandlers::RebuildRegion,BINDER,REBUILD_REGION,KNOWN
SERVER,94,-1,0x014555c0,0x0017c320,jag::PacketHandlers::SetMoveaction,BINDER,SET_MOVEACTION,KNOWN
SERVER,95,3,0x01471fa0,0x00117550,jag::PacketHandlers::VarpSmall,BINDER,VARP_SMALL,KNOWN
SERVER,96,-2,0x01471ce0,0x00157080,jag::PacketHandlers::ClientSetvarcstrLarge,BINDER,CLIENT_SETVARCSTR_LARGE,KNOWN
SERVER,97,-2,0x01455580,0x000ef4a0,jag::PacketHandlers::ClansettingsFull,BINDER,CLANSETTINGS_FULL,KNOWN
SERVER,98,32,0x014712e0,0x001e17a0,jag::PacketHandlers::IfOpensubActiveLoc,BINDER,IF_OPENSUB_ACTIVE_LOC,KNOWN
SERVER,99,0,0x01455540,0x00147470,jag::PacketHandlers::CamSmoothreset,BINDER,CAM_SMOOTHRESET,KNOWN
SERVER,100,5,0x01470b60,0x00197170,FUN_00197170,BINDER,UNKNOWN_100,KNOWN
SERVER,101,8,0x01470f60,0x00187cd0,jag::PacketHandlers::IfSetmodel,BINDER,UNKNOWN_101,KNOWN
SERVER,102,1,0x01455500,0x00124e60,jag::PacketHandlers::LogoutFull,BINDER,LOGOUT_FULL,KNOWN
SERVER,103,8,0x01471460,0x00197870,jag::PacketHandlers::IfSetposition,BINDER,UNKNOWN_103,KNOWN
SERVER,104,8,0x01470f20,0x001975e0,FUN_001975e0,BINDER,UNKNOWN_104,KNOWN
SERVER,105,11,0x014554c0,0x00154560,FUN_00154560,BINDER,UNKNOWN_105,KNOWN
SERVER,106,0,0x01455480,0x00171da0,jag::PacketHandlers::CamReset,BINDER,CAM_RESET,KNOWN
SERVER,107,4,0x01471220,0x00188340,jag::PacketHandlers::IfClosesub,BINDER,IF_CLOSESUB,KNOWN
SERVER,108,6,0x01470c60,0x001974b0,jag::PacketHandlers::IfSetcolour,BINDER,UNKNOWN_108,KNOWN
SERVER,109,-2,0x01472ae0,0x000ecf10,jag::PacketHandlers::UpdateZonePartialEnclosed,BINDER,UPDATE_ZONE_PARTIAL_ENCLOSED,KNOWN
SERVER,110,2,0x01455440,0x00177e80,jag::PacketHandlers::UpdateRebootTimer,BINDER,UPDATE_REBOOT_TIMER,KNOWN
SERVER,111,11,0x01470d60,0x00187900,FUN_00187900,BINDER,UNKNOWN_111,KNOWN
SERVER,112,6,0x014726a0,0x00116f40,jag::PacketHandlers::ObjAddBig,BINDER,UNKNOWN_112,KNOWN
SERVER,113,6,0x01471420,0x001977d0,jag::PacketHandlers::IfSetscrollpos,BINDER,UNKNOWN_113,KNOWN
SERVER,114,8,0x01455400,0x000eb370,jag::PacketHandlers::VorbisSpeechSound,BINDER,VORBIS_SPEECH_SOUND,KNOWN
SERVER,115,10,0x01470e20,0x00187a70,FUN_00187a70,BINDER,UNKNOWN_115,KNOWN
SERVER,116,0,0x01471c20,0x000f3df0,jag::PacketHandlers::VarclanEnable,BINDER,VARCLAN_ENABLE,KNOWN
SERVER,117,4,0x01470fe0,0x00187dd0,jag::PacketHandlers::IfSetplayermodelSelf,BINDER,UNKNOWN_117,KNOWN
SERVER,118,10,0x01471160,0x00187f40,jag::PacketHandlers::IfSettargetparam,BINDER,UNKNOWN_118,KNOWN
SERVER,119,6,0x014553c0,0x000efb00,jag::PacketHandlers::CamMoveto,BINDER,UNKNOWN_119,KNOWN
SERVER,120,0,0x01471c60,0x000ed440,jag::PacketHandlers::VarclanDisable,BINDER,VARCLAN_DISABLE,KNOWN
SERVER,121,30,0x01471260,0x001e1290,FUN_001e1290,BINDER,UNKNOWN_121,KNOWN
SERVER,122,12,0x014711a0,0x00188020,jag::PacketHandlers::IfSetevents,BINDER,IF_SETEVENTS,KNOWN
SERVER,123,-2,0x01455380,0x00154f50,jag::PacketHandlers::CameraUpdate,BINDER,CAMERA_UPDATE,KNOWN
SERVER,124,5,0x014710e0,0x00197740,FUN_00197740,BINDER,IF_SETHIDE,KNOWN
SERVER,125,10,0x01470ae0,0x00197060,FUN_00197060,BINDER,UNKNOWN_125,KNOWN
SERVER,126,3,0x01472b60,0x000ed0b0,jag::PacketHandlers::UpdateZonePartialFollows,BINDER,UPDATE_ZONE_PARTIAL_FOLLOWS,KNOWN
SERVER,127,0,0x01455340,0x000f0a00,FUN_000f0a00,BINDER,UNKNOWN_127,KNOWN
SERVER,128,4,0x01455300,0x000eaa00,jag::PacketHandlers::MidiSong,BINDER,MIDI_SONG,KNOWN
SERVER,129,-2,0x014552c0,0x00122380,jag::PacketHandlers::PlayerGroupDelta,BINDER,PLAYER_GROUP_DELTA,KNOWN
SERVER,130,2,0x01455280,0x000ead70,jag::PacketHandlers::VorbisSoundGroupStart,BINDER,VORBIS_SOUND_GROUP_START,KNOWN
SERVER,131,33,0x01455240,0x000f0e20,jag::PacketHandlers::ProjanimSpecificAlt,BINDER,PROJANIM_SPECIFIC_ALT,KNOWN
SERVER,132,20,0x014728a0,0x000f1f80,jag::PacketHandlers::MapProjanim,BINDER,MAP_PROJANIM,KNOWN
SERVER,133,15,0x01455200,0x0016ad00,jag::PacketHandlers::SpotanimSpecificAlt,BINDER,SPOTANIM_SPECIFIC_ALT,KNOWN
SERVER,134,15,0x01470ce0,0x001877e0,FUN_001877e0,BINDER,UNKNOWN_134,KNOWN
SERVER,135,4,0x01471560,0x000edf30,jag::PacketHandlers::UpdateDob,BINDER,UPDATE_DOB,KNOWN
SERVER,136,-1,0x014551c0,0x0017e330,jag::PacketHandlers::ChangeLobby,BINDER,CHANGE_LOBBY,KNOWN
SERVER,137,2,0x01455180,0x00188dd0,FUN_00188dd0,BINDER,UNKNOWN_137,KNOWN
SERVER,138,8,0x01455140,0x00184120,jag::PacketHandlers::MiscNew946,BINDER,MISC_NEW_946,KNOWN
SERVER,139,4,0x01455100,0x001889f0,jag::PacketHandlers::LoyaltyUpdate,BINDER,UNKNOWN_139,KNOWN
SERVER,140,0,0x014550c0,0x00176930,FUN_00176930,BINDER,LOBBY_TICK_END,KNOWN
SERVER,141,8,0x01455080,0x00183160,jag::PacketHandlers::SendPing,BINDER,UNKNOWN_141,KNOWN
SERVER,142,-1,0x01455040,0x001b8ea0,jag::PacketHandlers::DoCheat,BINDER,DO_CHEAT,KNOWN
SERVER,143,-1,0x01455000,0x001aa230,jag::PacketHandlers::LogoutTransfer,BINDER,LOGOUT_TRANSFER,KNOWN
SERVER,144,-2,0x01454fc0,0x00176300,FUN_00176300,BINDER,UNKNOWN_144,KNOWN
SERVER,145,1,0x01454f80,0x00176710,jag::PacketHandlers::CreateSuggestNameError,BINDER,CREATE_SUGGEST_NAME_ERROR,KNOWN
SERVER,146,-1,0x01454f40,0x0017c280,jag::PacketHandlers::CreateSuggestNameReply,BINDER,CREATE_SUGGEST_NAME_REPLY,KNOWN
SERVER,147,5,0x01470fa0,0x00187d50,jag::PacketHandlers::IfSetplayermodelSnapshot,BINDER,UNKNOWN_147,KNOWN
SERVER,148,-2,0x01454f00,0x000f75e0,FUN_000f75e0,BINDER,UNKNOWN_148,KNOWN
SERVER,149,-1,0x014714e0,0x00158c20,FUN_00158c20,BINDER,UNKNOWN_149,KNOWN
SERVER,150,5,0x01470de0,0x001879f0,jag::PacketHandlers::IfSetplayerheadSnapshot,BINDER,UNKNOWN_150,KNOWN
SERVER,151,1,0x01454ec0,0x00176470,jag::PacketHandlers::Setdraworder,BINDER,SETDRAWORDER,KNOWN
SERVER,152,-1,0x01454e80,0x001dda30,jag::packethandlers::Social::op130_RELATIONSHIP_DELTA_UNCONFIRMED,BINDER,UNKNOWN_152,KNOWN
SERVER,153,1,0x01454e40,0x001767c0,FUN_001767c0,BINDER,UNKNOWN_153,KNOWN
SERVER,154,-2,0x01454e00,0x0015cd30,jag::PacketHandlers::PlayerGroupFull,BINDER,PLAYER_GROUP_FULL,KNOWN
SERVER,155,3,0x014716a0,0x000ee450,jag::PacketHandlers::SetTarget,BINDER,UNKNOWN_155,KNOWN
SERVER,156,8,0x01454dc0,0x001e5500,FUN_001e5500,BINDER,UNKNOWN_156,KNOWN
SERVER,157,7,0x01472520,0x00116b90,jag::PacketHandlers::ObjReveal,BINDER,OBJ_REVEAL,KNOWN
SERVER,158,10,0x01471f20,0x00142120,FUN_00142120,BINDER,UNKNOWN_158,KNOWN
SERVER,159,3,0x014718a0,0x000ed760,jag::PacketHandlers::TelemetryClearGridValue,BINDER,UNKNOWN_159,KNOWN
SERVER,160,10,0x01472320,0x000f0c40,jag::PacketHandlers::SoundArea,BINDER,SOUND_AREA,KNOWN
SERVER,161,14,0x01471520,0x00154980,FUN_00154980,BINDER,UNKNOWN_161,KNOWN
SERVER,162,3,0x01454d80,0x001e3e60,jag::PacketHandlers::PointlightEnabled,BINDER,UNKNOWN_162,KNOWN
SERVER,163,29,0x014720e0,0x000f1560,jag::PacketHandlers::MapProjanimHalfsqAlt,BINDER,MAP_PROJANIM_HALFSQ_ALT,KNOWN
SERVER,164,9,0x01470c20,0x001973a0,FUN_001973a0,BINDER,UNKNOWN_164,KNOWN
SERVER,165,1,0x01454d40,0x001768d0,FUN_001768d0,BINDER,UNKNOWN_165,KNOWN
SERVER,166,12,0x01454d00,0x000efc60,jag::PacketHandlers::VorbisSoundGroup,BINDER,VORBIS_SOUND_GROUP,KNOWN
SERVER,167,5,0x01470ba0,0x00197200,FUN_00197200,BINDER,UNKNOWN_167,KNOWN
SERVER,168,21,0x01472820,0x000f1c50,jag::PacketHandlers::MapProjanimHalfsq,BINDER,MAP_PROJANIM_HALFSQ,KNOWN
SERVER,169,5,0x01472260,0x000eca30,jag::PacketHandlers::LocPrefetch,BINDER,LOC_PREFETCH,KNOWN
SERVER,170,4,0x01454cc0,0x001e2b60,jag::PacketHandlers::PointlightAttenuationFalloff,BINDER,UNKNOWN_170,KNOWN
SERVER,171,2,0x01471920,0x000fa1d0,FUN_000fa1d0,BINDER,UNKNOWN_171,KNOWN
SERVER,172,-2,0x01454c80,0x00194c00,jag::PacketHandlers::WorldlistFetchReply,BINDER,WORLDLIST_FETCH_REPLY,KNOWN
SERVER,173,11,0x014727a0,0x0016bca0,jag::PacketHandlers::MapAnim,BINDER,MAP_ANIM,KNOWN
SERVER,174,-2,0x01454c40,0x000ea660,FUN_000ea660,BINDER,UNKNOWN_174,KNOWN
SERVER,175,-2,0x01454c00,0x001bddf0,jag::packethandlers::PlayerInfo::PLAYER_INFO_DECODE_2,BINDER,UNKNOWN_175,KNOWN
SERVER,176,-1,0x01454bc0,0x0013b330,jag::PacketHandlers::Unnamed1,BINDER,UNNAMED_1,KNOWN
SERVER,177,-2,0x01454b80,0x000ea670,FUN_000ea670,BINDER,UNKNOWN_177,KNOWN
SERVER,178,1,0x01454b40,0x00176840,jag::PacketHandlers::CreateAccountReply,BINDER,CREATE_ACCOUNT_REPLY,KNOWN
SERVER,179,5,0x01471ae0,0x0011da00,jag::PacketHandlers::TelemetryGridAddGroup,BINDER,UNKNOWN_179,KNOWN
SERVER,180,0,0x01454b00,0x000f22e0,jag::PacketHandlers::ServerTickEnd,BINDER,SERVER_TICK_END,KNOWN
SERVER,181,-2,0x01454ac0,0x0017e550,jag::PacketHandlers::NpcSaySpecific,BINDER,NPC_SAY_SPECIFIC,KNOWN
SERVER,182,-1,0x014721e0,0x0012aa00,jag::PacketHandlers::TextCoord,BINDER,TEXT_COORD,KNOWN
SERVER,183,14,0x01472060,0x0016b810,jag::PacketHandlers::MapAnimAlt,BINDER,MAP_ANIM_ALT,KNOWN
SERVER,184,6,0x01471a60,0x001179b0,jag::PacketHandlers::TelemetryGridAddRow,BINDER,UNKNOWN_184,KNOWN
SERVER,185,14,0x01470d20,0x00187860,jag::PacketHandlers::IfSetobjectLong,BINDER,IF_SETOBJECT_LONG,KNOWN
SERVER,186,8,0x014723a0,0x000f3080,jag::PacketHandlers::ObjCountBig,BINDER,UNKNOWN_186,KNOWN
SERVER,187,1,0x01454a80,0x00176540,FUN_00176540,BINDER,UNKNOWN_187,KNOWN
SERVER,188,-1,0x014717a0,0x001421d0,FUN_001421d0,BINDER,UNKNOWN_188,KNOWN
SERVER,189,-2,0x01471b60,0x0011db10,jag::PacketHandlers::TelemetryGridFull,BINDER,TELEMETRY_GRID_FULL,KNOWN
SERVER,190,-2,0x01471b20,0x000edce0,jag::PacketHandlers::TelemetryGridValuesDelta,BINDER,TELEMETRY_GRID_VALUES_DELTA,KNOWN
SERVER,191,5,0x01454a40,0x001e5110,jag::PacketHandlers::PointlightIntensityscale,BINDER,UNKNOWN_191,KNOWN
SERVER,192,1,0x01471aa0,0x000ed9e0,FUN_000ed9e0,BINDER,UNKNOWN_192,KNOWN
SERVER,193,-2,0x01454a00,0x00117d40,jag::PacketHandlers::PlayerGroupVarps,BINDER,PLAYER_GROUP_VARPS,KNOWN
SERVER,194,4,0x014549c0,0x001420b0,jag::PacketHandlers::VorbisPreloadSounds,BINDER,UNKNOWN_194,KNOWN
SERVER,195,2,0x01454980,0x000f00a0,jag::PacketHandlers::VorbisSoundGroupStop,BINDER,VORBIS_SOUND_GROUP_STOP,KNOWN
SERVER,196,-1,0x01454940,0x00148750,jag::PacketHandlers::MessagePlayerGroup,BINDER,MESSAGE_PLAYER_GROUP,KNOWN
SERVER,197,10,0x01471de0,0x0011ebc0,FUN_0011ebc0,BINDER,UNKNOWN_197,KNOWN
SERVER,198,-2,0x014715e0,0x0015a8e0,FUN_0015a8e0,BINDER,UNKNOWN_198,KNOWN
SERVER,199,3,0x014718e0,0x000f9ee0,jag::PacketHandlers::TelemetryGridMoveColumn,BINDER,UNKNOWN_199,KNOWN
SERVER,200,0,0x01471ca0,0x000f3e80,jag::PacketHandlers::StoreServerpermVarcsAck,BINDER,STORE_SERVERPERM_VARCS_ACK,KNOWN
SERVER,201,1,0x014715a0,0x000edfd0,jag::PacketHandlers::ClearPlayerSnapshot,BINDER,CLEAR_PLAYER_SNAPSHOT,KNOWN
SERVER,202,7,0x01472420,0x000f3510,jag::PacketHandlers::ObjCount,BINDER,OBJ_COUNT,KNOWN
SERVER,203,17,0x01454900,0x000f25c0,jag::PacketHandlers::PlayerAnimSpecific,BINDER,PLAYER_ANIM_SPECIFIC,KNOWN
SERVER,204,1,0x01471620,0x000ee370,jag::PacketHandlers::ReduceNpcAttackPriority,BINDER,REDUCE_NPC_ATTACK_PRIORITY,KNOWN
SERVER,205,9,0x01470be0,0x00197290,FUN_00197290,BINDER,UNKNOWN_205,KNOWN
SERVER,206,6,0x014548c0,0x000f0600,jag::PacketHandlers::SoundMixbussAdd,BINDER,SOUND_MIXBUSS_ADD,KNOWN
SERVER,207,3,0x01454880,0x001e2610,jag::PacketHandlers::PointlightExtendAbove,BINDER,UNKNOWN_207,KNOWN
SERVER,208,0,0x01454840,0x001b8700,jag::PacketHandlers::Js5Reload,BINDER,JS5_RELOAD,KNOWN
SERVER,209,2,0x01471a20,0x001177c0,FUN_001177c0,BINDER,UNKNOWN_209,KNOWN
SERVER,210,4,0x01454800,0x0011e710,jag::PacketHandlers::NewAudio945,BINDER,UNKNOWN_210,KNOWN
SERVER,211,8,0x014724a0,0x00116cd0,jag::PacketHandlers::ObjRevealBig,BINDER,UNKNOWN_211,KNOWN
SERVER,212,3,0x014547c0,0x001e30a0,jag::PacketHandlers::PointlightShadow,BINDER,UNKNOWN_212,KNOWN
SERVER,213,9,0x01454780,0x001de650,FUN_001de650,BINDER,UNKNOWN_213,KNOWN
SERVER,214,-1,0x01454740,0x00148140,jag::PacketHandlers::MessageQuickchatPlayerGroup,BINDER,MESSAGE_QUICKCHAT_PLAYER_GROUP,KNOWN
SERVER,215,28,0x01472160,0x000f18e0,jag::PacketHandlers::MapProjanimAlt,BINDER,MAP_PROJANIM_ALT,KNOWN
SERVER,216,1,0x01471660,0x000ee3e0,FUN_000ee3e0,BINDER,UNKNOWN_216,KNOWN
SERVER,217,6,0x01454700,0x000f04f0,jag::PacketHandlers::SoundMixbussSetlevel,BINDER,SOUND_MIXBUSS_SETLEVEL,KNOWN
SERVER,218,3,0x014546c0,0x001e2080,jag::PacketHandlers::PointlightExtendBelow,BINDER,UNKNOWN_218,KNOWN
SERVER,219,2,0x01454680,0x000ead00,jag::PacketHandlers::VorbisPreloadSoundGroup,BINDER,VORBIS_PRELOAD_SOUND_GROUP,KNOWN
SERVER,220,6,0x01471960,0x000fa300,jag::PacketHandlers::TelemetryGridAddColumn,BINDER,UNKNOWN_220,KNOWN
SERVER,221,2,0x01470aa0,0x001875a0,jag::PacketHandlers::Cutscene2dPlay,BINDER,CUTSCENE2D_PLAY,KNOWN
SERVER,222,-2,0x01454640,0x001e0e40,jag::PacketHandlers::DbfilterDebug,BINDER,DBFILTER_DEBUG,KNOWN
SERVER,223,3,0x014719a0,0x00117710,jag::PacketHandlers::TelemetryGridMoveRow,BINDER,UNKNOWN_223,KNOWN
SERVER,224,3,0x014719e0,0x000ed8d0,jag::PacketHandlers::TelemetryGridSetRowPinned,BINDER,UNKNOWN_224,KNOWN
SERVER,225,0,0x014714a0,0x000f7f00,FUN_000f7f00,BINDER,UNKNOWN_225,KNOWN
SERVER,226,-2,0x01454600,0x0019a460,FUN_0019a460,BINDER,UNKNOWN_226,KNOWN
SERVER,227,0,0x014545c0,0x001c3230,jag::PacketHandlers::MiscNew945,BINDER,MISC_NEW_945,KNOWN
SERVER,228,0,0x01454580,0x000f0060,FUN_000f0060,BINDER,UNKNOWN_228,KNOWN
SERVER,229,4,0x01454540,0x00188a80,jag::PacketHandlers::JcoinsUpdate,BINDER,JCOINS_UPDATE,KNOWN
CLIENT,0,0,0x01685540,0x00137fd0,jag::ConnectionManager::ProcessConnections,BINDER,NO_TIMEOUT,KNOWN
CLIENT,1,9,0x01685530,0x00163500,jag::game::DoOpLoc5,BINDER,OPLOC5,KNOWN
CLIENT,2,6,0x01685520,0x00182fb0,jag::ClientProt::SendEventMouseClick,BINDER,EVENT_MOUSE_CLICK,KNOWN
CLIENT,3,0,0x01685510,0x002d7e80,jag::opcode::SendAbortPDialog,BINDER,ABORT_P_DIALOG,KNOWN
CLIENT,4,-1,0x01685500,0x00175540,jag::ClientProt::GetEventMouseMoveProtDescriptor,BINDER,EVENT_MOUSE_MOVE,KNOWN
CLIENT,5,-2,0x016854f0,0x003c99f0,jag::ClientProt::SendMoveGame,BINDER,UNKNOWN_5,KNOWN
CLIENT,6,-1,0x016854e0,0x003fb050,jag::opcode::FUN_003fb050,BINDER,UNKNOWN_6,KNOWN
CLIENT,7,1,0x016854d0,0x002d7f60,jag::opcode::SendBugReport,BINDER,BUG_REPORT,KNOWN
CLIENT,8,22,0x016854c0,0x003f11f0,jag::InterfaceManager::SendIfButtonTargetMenu,BINDER,UNKNOWN_8,KNOWN
CLIENT,9,17,0x016854b0,0x001634b0,jag::game::DoOpSelectLoc,BINDER,UNKNOWN_9,KNOWN
CLIENT,10,8,0x016854a0,0x0141e4e0,PTR_DAT_0141e4e0->jag::InterfaceManager::IfButtonXInner,CS2_TABLE,UNKNOWN_10,KNOWN
CLIENT,11,-1,0x01685490,0x003e8d20,jag::opcode::FUN_003e8d20,BINDER,UNKNOWN_11,KNOWN
CLIENT,12,4,0x01685480,0x001a1700,jag::ClientProt::FlushPerTick,BINDER,EVENT_CAMERA_POSITION,KNOWN
CLIENT,13,9,0x01685470,0x0141e550,0x141e550->?,CS2_TABLE,IF_BUTTON5,KNOWN
CLIENT,14,-1,0x01685460,0x002e7920,FUN_002e7920,BINDER,UNKNOWN_14,KNOWN
CLIENT,15,18,0x01685450,0x00155af0,FUN_00155af0,BINDER,IF_BUTTONT,KNOWN
CLIENT,16,7,0x01685440,0x00182de0,jag::ClientProt::SendNativeMouseClick,BINDER,SEND_NATIVE_MOUSE_CLICK,KNOWN
CLIENT,17,9,0x01685430,0x0141e560,0x141e560->?,CS2_TABLE,IF_BUTTON7,KNOWN
CLIENT,18,9,0x01685420,0x0141e538,0x141e538->?,CS2_TABLE,IF_BUTTON2,KNOWN
CLIENT,19,12,0x01685410,0x00162150,FUN_00162150,BINDER,UNKNOWN_19,KNOWN
CLIENT,20,8,0x01685400,0x0141e4f0,0x141e4f0->?,CS2_TABLE,UNKNOWN_20,KNOWN
CLIENT,21,2,0x016853f0,0x002d7c20,jag::opcode::FUN_002d7c20,BINDER,MESSAGE_FILTER,KNOWN
CLIENT,22,-1,0x016853e0,,UNBOUND,UNBOUND,UNKNOWN_22,KNOWN
CLIENT,23,-1,0x016853d0,0x003e75e0,jag::opcode::FUN_003e75e0,BINDER,UNKNOWN_23,KNOWN
CLIENT,24,8,0x016853c0,0x0141e528,0x141e528->?,CS2_TABLE,UNKNOWN_24,KNOWN
CLIENT,25,18,0x016853b0,0x00252eb0,jag::InterfaceManager::SendIfButtonD,BINDER,IF_DRAG,KNOWN
CLIENT,26,3,0x016853a0,0x002ecd30,FUN_002ecd30,BINDER,OPPLAYER7,KNOWN
CLIENT,27,-1,0x01685390,0x002db470,jag::opcode::activechatphrase_sendprivate,BINDER,UNKNOWN_27,KNOWN
CLIENT,28,8,0x01685380,0x003c9e80,FUN_003c9e80,BINDER,OPOBJ1,KNOWN
CLIENT,29,12,0x01685370,0x00162830,FUN_00162830,BINDER,UNKNOWN_29,KNOWN
CLIENT,30,4,0x01685360,0x00239880,FUN_00239880,BINDER,UNKNOWN_30,KNOWN
CLIENT,31,-2,0x01685350,0x002d7280,jag::opcode::FUN_002d7280,BINDER,UNKNOWN_31,KNOWN
CLIENT,32,-1,0x01685340,0x0031fe70,jag::ClientProt::SendIgnorelistAdd,BINDER,IGNORELIST_ADD,KNOWN
CLIENT,33,9,0x01685330,0x00163540,jag::game::DoOpLoc3,BINDER,OPLOC3,KNOWN
CLIENT,34,8,0x01685320,0x0141e4e8,0x141e4e8->?,CS2_TABLE,UNKNOWN_34,KNOWN
CLIENT,35,-1,0x01685310,0x00314560,jag::ClientProt::SendMessagePublicWithEffects,BINDER,MESSAGE_PUBLIC,KNOWN
CLIENT,36,-1,0x01685300,0x003e75e0,jag::opcode::FUN_003e75e0,BINDER,UNKNOWN_36,KNOWN
CLIENT,37,11,0x016852f0,0x00162830,FUN_00162830,BINDER,UNKNOWN_37,KNOWN
CLIENT,38,-1,0x016852e0,0x003c8010,jag::ClientProt::SendFriendlistAdd,BINDER,FRIENDLIST_ADD,KNOWN
CLIENT,39,3,0x016852d0,0x00162ff0,jag::game::DoOpNpc3,BINDER,OPNPC3,KNOWN
CLIENT,40,7,0x016852c0,0x003c9e80,FUN_003c9e80,BINDER,UNKNOWN_40,KNOWN
CLIENT,41,9,0x016852b0,0x00163580,jag::game::DoOpLoc1,BINDER,OPLOC1,KNOWN
CLIENT,42,7,0x016852a0,0x003c9e80,FUN_003c9e80,BINDER,UNKNOWN_42,KNOWN
CLIENT,43,8,0x01685290,0x003c9e80,FUN_003c9e80,BINDER,OPOBJ4,KNOWN
CLIENT,44,-1,0x01685280,0x003e7320,jag::opcode::FUN_003e7320,BINDER,UNKNOWN_44,KNOWN
CLIENT,45,8,0x01685270,0x003c9e80,FUN_003c9e80,BINDER,OPOBJ5,KNOWN
CLIENT,46,7,0x01685260,0x003c9e80,FUN_003c9e80,BINDER,UNKNOWN_46,KNOWN
CLIENT,47,13,0x01685250,0x00162150,FUN_00162150,BINDER,OPTILET,KNOWN
CLIENT,48,6,0x01685240,0x001a1530,jag::ClientProt::SendDisplayInfo,BINDER,WINDOW_STATUS,KNOWN
CLIENT,49,17,0x01685230,0x00137a60,FUN_00137a60,BINDER,OPOBJT,KNOWN
CLIENT,50,-1,0x01685220,0x002db960,jag::opcode::activechatphrase_send,BINDER,UNKNOWN_50,KNOWN
CLIENT,51,-2,0x01685210,0x002df0b0,jag::opcode::FUN_002df0b0,BINDER,UNKNOWN_51,KNOWN
CLIENT,52,9,0x01685200,0x0141e568,0x141e568->?,CS2_TABLE,IF_BUTTON8,KNOWN
CLIENT,53,3,0x016851f0,0x00162fd0,jag::game::DoOpNpc4,BINDER,OPNPC4,KNOWN
CLIENT,54,3,0x016851e0,0x002ecd30,FUN_002ecd30,BINDER,OPPLAYER10,KNOWN
CLIENT,55,9,0x016851d0,0x0141e530,0x141e530->?,CS2_TABLE,IF_BUTTON1,KNOWN
CLIENT,56,11,0x016851c0,0x00162f60,FUN_00162f60,BINDER,UNKNOWN_56,KNOWN
CLIENT,57,12,0x016851b0,0x00162f60,FUN_00162f60,BINDER,OPNPCT,KNOWN
CLIENT,58,4,0x016851a0,,UNBOUND,UNBOUND,UNKNOWN_58,KNOWN
CLIENT,59,3,0x01685190,0x002ecd30,FUN_002ecd30,BINDER,OPPLAYER5,KNOWN
CLIENT,60,3,0x01685180,0x00163030,jag::game::DoOpNpc1,BINDER,OPNPC1,KNOWN
CLIENT,61,4,0x01685170,,UNBOUND,UNBOUND,UNKNOWN_61,KNOWN
CLIENT,62,-1,0x01685160,0x003c1990,FUN_003c1990,BINDER,UNKNOWN_62,KNOWN
CLIENT,63,-1,0x01685150,0x003c1de0,jag::ClientProt::SendFriendlistDel,BINDER,FRIENDLIST_DEL,KNOWN
CLIENT,64,8,0x01685140,0x003c9e80,FUN_003c9e80,BINDER,OPOBJ2,KNOWN
CLIENT,65,3,0x01685130,0x00162f90,jag::game::DoOpNpc6,BINDER,OPNPC6,KNOWN
CLIENT,66,18,0x01685120,0x001624f0,FUN_001624f0,BINDER,MOVE_MINIMAPCLICK,KNOWN
CLIENT,67,0,0x01685110,0x00248a70,jag::ClientProt::SendMapBuildComplete,BINDER,MAP_BUILD_COMPLETE,KNOWN
CLIENT,68,8,0x01685100,0x003c9e80,FUN_003c9e80,BINDER,OPOBJ6,KNOWN
CLIENT,69,16,0x016850f0,0x00155af0,FUN_00155af0,BINDER,UNKNOWN_69,KNOWN
CLIENT,70,9,0x016850e0,0x00163560,jag::game::DoOpLoc2,BINDER,OPLOC2,KNOWN
CLIENT,71,-2,0x016850d0,0x002dbe10,jag::opcode::ChatSendPrivate,BINDER,MESSAGE_PRIVATE,KNOWN
CLIENT,72,0,0x016850c0,0x002d7530,jag::opcode::FUN_002d7530,BINDER,UNKNOWN_72,KNOWN
CLIENT,73,15,0x016850b0,0x00137a60,FUN_00137a60,BINDER,UNKNOWN_73,KNOWN
CLIENT,74,0,0x016850a0,0x002d8060,jag::opcode::SendCloseModal,BINDER,CLOSE_MODAL,KNOWN
CLIENT,75,3,0x01685090,0x00162fb0,jag::game::DoOpNpc5,BINDER,OPNPC5,KNOWN
CLIENT,76,8,0x01685080,0x0141e510,0x141e510->?,CS2_TABLE,UNKNOWN_76,KNOWN
CLIENT,77,-2,0x01685070,0x001a1700,jag::ClientProt::FlushPerTick,BINDER,EVENT_KEYBOARD,KNOWN
CLIENT,78,3,0x01685060,0x00163010,jag::game::DoOpNpc2,BINDER,OPNPC2,KNOWN
CLIENT,79,3,0x01685050,0x002ecd30,FUN_002ecd30,BINDER,OPPLAYER2,KNOWN
CLIENT,80,3,0x01685040,0x002ecd30,FUN_002ecd30,BINDER,OPPLAYER9,KNOWN
CLIENT,81,8,0x01685030,0x0141e4f8,0x141e4f8->?,CS2_TABLE,UNKNOWN_81,KNOWN
CLIENT,82,-2,0x01685020,0x00315d20,jag::ClientProt::SendMessagePrivate,BINDER,MESSAGE_PRIVATE_ENCRYPTED,KNOWN
CLIENT,83,15,0x01685010,,UNBOUND,UNBOUND,UNKNOWN_83,KNOWN
CLIENT,84,8,0x01685000,0x0141e508,0x141e508->?,CS2_TABLE,UNKNOWN_84,KNOWN
CLIENT,85,-1,0x01684ff0,0x002d84e0,FUN_002d84e0,BINDER,UNKNOWN_85,KNOWN
CLIENT,86,-1,0x01684fe0,0x002d73f0,jag::opcode::FUN_002d73f0,BINDER,RESUME_P_NAMEDIALOG,KNOWN
CLIENT,87,8,0x01684fd0,0x0141e520,0x141e520->?,CS2_TABLE,UNKNOWN_87,KNOWN
CLIENT,88,9,0x01684fc0,0x001634e0,jag::game::DoOpLoc6,BINDER,OPLOC6,KNOWN
CLIENT,89,4,0x01684fb0,0x0022ad50,jag::ClientProt::SendSceneGraphReport,BINDER,UNKNOWN_89,KNOWN
CLIENT,90,9,0x01684fa0,0x0141e558,0x141e558->?,CS2_TABLE,IF_BUTTON6,KNOWN
CLIENT,91,9,0x01684f90,0x00163520,jag::game::DoOpLoc4,BINDER,OPLOC4,KNOWN
CLIENT,92,2,0x01684f80,0x002d8210,FUN_002d8210,BINDER,UNKNOWN_92,KNOWN
CLIENT,93,-1,0x01684f70,0x002d8100,FUN_002d8100,BINDER,UNKNOWN_93,KNOWN
CLIENT,94,-1,0x01684f60,0x002d82f0,FUN_002d82f0,BINDER,UNKNOWN_94,KNOWN
CLIENT,95,7,0x01684f50,0x003c9e80,FUN_003c9e80,BINDER,UNKNOWN_95,KNOWN
CLIENT,96,3,0x01684f40,0x002ecd30,FUN_002ecd30,BINDER,OPPLAYER6,KNOWN
CLIENT,97,9,0x01684f30,,UNBOUND,UNBOUND,UNKNOWN_97,KNOWN
CLIENT,98,-1,0x01684f20,0x00175490,jag::ClientProt::GetNativeMouseMoveProtDescriptor,BINDER,UNKNOWN_98,KNOWN
CLIENT,99,9,0x01684f10,0x0141e540,0x141e540->?,CS2_TABLE,IF_BUTTON3,KNOWN
CLIENT,100,-2,0x01684f00,0x002d70e0,jag::opcode::SendResumePauseButton,BINDER,RESUME_PAUSEBUTTON,KNOWN
CLIENT,101,-1,0x01684ef0,0x00313350,jag::ClientProt::SendMessagePublic,BINDER,MESSAGE_QUICKCHAT,KNOWN
CLIENT,102,-1,0x01684ee0,0x003ea170,jag::InterfaceManager::IfButtonXInner,BINDER,UNKNOWN_102,KNOWN
CLIENT,103,3,0x01684ed0,0x002ecd30,FUN_002ecd30,BINDER,OPPLAYER4,KNOWN
CLIENT,104,-2,0x01684ec0,0x003efca0,FUN_003efca0,BINDER,UNKNOWN_104,KNOWN
CLIENT,105,-2,0x01684eb0,0x00189e10,jag::ClientProt::SendQueuedEvents,BINDER,STORE_SERVERPERM_VARCS,KNOWN
CLIENT,106,11,0x014702c0,0x00ace910,jag::InterfaceManager::SendIfDropdownSelect,BINDER,IF_DROPDOWN_SELECT,KNOWN
CLIENT,107,5,0x01684ea0,0x001624f0,FUN_001624f0,BINDER,MOVE_GAMECLICK,KNOWN
CLIENT,108,-1,0x01684e90,0x003c1ae0,jag::ClientProt::SendSocialRequest,BINDER,CLANCHANNEL_KICKUSER,KNOWN
CLIENT,109,1,0x01684e80,,UNBOUND,UNBOUND,UNKNOWN_109,KNOWN
CLIENT,110,9,0x01684e70,0x0141e578,0x141e578->?,CS2_TABLE,IF_BUTTON10,KNOWN
CLIENT,111,5,0x01684e60,0x003fc930,jag::opcode::movescripted,BINDER,UNKNOWN_111,KNOWN
CLIENT,112,4,0x01684e50,0x00280c10,jag::ClientProt::SendDetectModifiedClient,BINDER,UNKNOWN_112,KNOWN
CLIENT,113,4,0x01684e40,0x00185870,FUN_00185870,BINDER,UNKNOWN_113,KNOWN
CLIENT,114,3,0x01684e30,0x002d7d40,jag::opcode::ChatSetFilter,BINDER,CHAT_SETFILTER,KNOWN
CLIENT,115,1,0x01684e20,,UNBOUND,UNBOUND,UNKNOWN_115,KNOWN
CLIENT,116,18,0x01684e10,0x001634b0,jag::game::DoOpSelectLoc,BINDER,OPLOCT,KNOWN
CLIENT,117,-2,0x01684e00,,UNBOUND,UNBOUND,UNKNOWN_117,KNOWN
CLIENT,118,8,0x01684df0,0x0141e500,0x141e500->?,CS2_TABLE,UNKNOWN_118,KNOWN
CLIENT,119,0,0x01684de0,,UNBOUND,UNBOUND,UNKNOWN_119,KNOWN
CLIENT,120,1,0x01684dd0,,UNBOUND,UNBOUND,UNKNOWN_120,KNOWN
CLIENT,121,-1,0x01684dc0,0x002d7680,jag::opcode::FUN_002d7680,BINDER,UNKNOWN_121,KNOWN
CLIENT,122,3,0x01684db0,0x002ecd30,FUN_002ecd30,BINDER,OPPLAYER8,KNOWN
CLIENT,123,8,0x01684da0,0x0141e518,0x141e518->?,CS2_TABLE,UNKNOWN_123,KNOWN
CLIENT,124,2,0x01684d90,,UNBOUND,UNBOUND,UNKNOWN_124,KNOWN
CLIENT,125,4,0x01684d80,0x00198200,jag::ClientProt::SendWorldlistFetch,BINDER,WORLDLIST_FETCH,KNOWN
CLIENT,126,4,0x01684d70,0x00137e20,jag::minimenuactions::ThreeDView::DoOpLoc,BINDER,UNKNOWN_126,KNOWN
CLIENT,127,6,0x01684d60,0x003f04d0,FUN_003f04d0,BINDER,UNKNOWN_127,KNOWN
CLIENT,128,7,0x01684d50,0x003c9e80,FUN_003c9e80,BINDER,UNKNOWN_128,KNOWN
CLIENT,129,8,0x01684d40,0x002ea970,jag::opcode::FUN_002ea970,BINDER,UNKNOWN_129,KNOWN
CLIENT,130,3,0x01684d30,0x002ecd30,FUN_002ecd30,BINDER,OPPLAYER1,KNOWN
CLIENT,131,4,0x01684d20,0x002e9250,jag::opcode::FUN_002e9250,BINDER,RESUME_P_COUNTDIALOG,KNOWN
CLIENT,132,5,0x01684d10,0x003c8d90,FUN_003c8d90,BINDER,UNKNOWN_132,KNOWN
CLIENT,133,4,0x01684d00,0x0029ca30,jag::ClientProt::SendEventAppletFocus,BINDER,UNKNOWN_133,KNOWN
CLIENT,134,9,0x01684cf0,,UNBOUND,UNBOUND,UNKNOWN_134,KNOWN
CLIENT,135,1,0x01684ce0,0x001a1700,jag::ClientProt::FlushPerTick,BINDER,EVENT_APPLET_FOCUS,KNOWN
CLIENT,136,-1,0x01684cd0,0x002d79b0,jag::opcode::FUN_002d79b0,BINDER,UNKNOWN_136,KNOWN
CLIENT,137,9,0x01684cc0,0x0141e570,0x141e570->?,CS2_TABLE,IF_BUTTON9,KNOWN
CLIENT,138,3,0x01684cb0,0x003c2140,FUN_003c2140,BINDER,UNKNOWN_138,KNOWN
CLIENT,139,1,0x01684ca0,,UNBOUND,UNBOUND,UNKNOWN_139,KNOWN
CLIENT,140,3,0x01684c90,0x002ecd30,FUN_002ecd30,BINDER,OPPLAYER3,KNOWN
CLIENT,141,-2,0x01684c80,,UNBOUND,UNBOUND,UNKNOWN_141,KNOWN
CLIENT,142,9,0x01684c70,0x0141e548,0x141e548->?,CS2_TABLE,IF_BUTTON4,KNOWN
CLIENT,143,8,0x01684c60,0x003c9e80,FUN_003c9e80,BINDER,OPOBJ3,KNOWN
CLIENT,144,2,0x01684c50,0x002d8400,FUN_002d8400,BINDER,UNKNOWN_144,KNOWN
CLIENT,145,-2,0x01684c40,0x002e7ac0,FUN_002e7ac0,BINDER,UNKNOWN_145,KNOWN
CLIENT,146,-1,0x01684c30,0x001a1700,jag::ClientProt::FlushPerTick,BINDER,UNKNOWN_146,KNOWN
CLIENT,147,-1,0x01684c20,0x003d9b30,jag::ClientProt::SendClientCheat,BINDER,CLIENT_CHEAT,KNOWN
CLIENT,148,-1,0x01684c10,0x002d7830,FUN_002d7830,BINDER,UNKNOWN_148,KNOWN
CLIENT,149,9,0x01684c00,0x00183160,jag::PacketHandlers::SendPing,BINDER,UNKNOWN_149,KNOWN
CLIENT,150,-2,0x01684bf0,,UNBOUND,UNBOUND,UNKNOWN_150,KNOWN
CLIENT,151,18,0x01684be0,,UNBOUND,UNBOUND,UNKNOWN_151,KNOWN
CLIENT,152,7,0x01684bd0,0x003c9e80,FUN_003c9e80,BINDER,UNKNOWN_152,KNOWN
CLIENT,153,16,0x01684bc0,0x00252eb0,jag::InterfaceManager::SendIfButtonD,BINDER,IF_BUTTOND,KNOWN
